{"loss": [0.012934273108839989, 0.012933039106428623, 0.01294163428246975, 0.012940832413733006, 0.012945485301315784, 0.012945850379765034, 0.01294876728206873, 0.012944619171321392, 0.01294644270092249, 0.012948109768331051, 0.012947751209139824, 0.012948025949299335, 0.01294862013310194, 0.01294835563749075, 0.012948153540492058, 0.012948705814778805, 0.01294886227697134, 0.012948809191584587, 0.012948773801326752, 0.012949238531291485], "val_loss": [0.012257364578545094, 0.01228421088308096, 0.012268878519535065, 0.012280107475817204, 0.012275305576622486, 0.012281803414225578, 0.012279638089239597, 0.012277507223188877, 0.012280313298106194, 0.012281111441552639, 0.012280404567718506, 0.012281255796551704, 0.012281328439712524, 0.012281032279133797, 0.01228045392781496, 0.012281232513487339, 0.012281605042517185, 0.01228127721697092, 0.012281273491680622, 0.012281941249966621]}