{"loss": [0.012728540226817131, 0.012727310881018639, 0.012735906057059765, 0.012735103257000446, 0.012739760801196098, 0.012740121223032475, 0.01274303812533617, 0.012738888151943684, 0.012740716338157654, 0.012742377817630768, 0.012742020189762115, 0.012742297723889351, 0.012742890976369381, 0.012742624618113041, 0.012742419727146626, 0.01274297945201397, 0.012743133120238781, 0.012743078172206879, 0.012743042781949043, 0.012743507511913776], "val_loss": [0.012345917522907257, 0.012372761964797974, 0.012357429601252079, 0.012368661351501942, 0.01236385852098465, 0.012370356358587742, 0.01236819289624691, 0.012366061098873615, 0.012368866242468357, 0.012369662523269653, 0.01236895751208067, 0.012369810603559017, 0.012369881384074688, 0.01236958708614111, 0.012369006872177124, 0.012369784526526928, 0.012370159849524498, 0.012369831092655659, 0.012369826436042786, 0.012370496056973934]}