{"loss": [0.003485482418909669, 0.00333895580843091, 0.0033402314875274897, 0.003339518327265978, 0.00341522297821939, 0.0034325693268328905, 0.003510435577481985, 0.0033629299141466618, 0.0033126522321254015, 0.0033361881505697966], "val_loss": [0.004543032962828875, 0.003390243975445628, 0.0032494792249053717, 0.004430132918059826, 0.003431300399824977, 0.0055877878330647945, 0.0033197482116520405, 0.0034126334358006716, 0.003243994200602174, 0.00393435824662447]}