{"loss": [0.012588062323629856, 0.012586832046508789, 0.012595423497259617, 0.01259462721645832, 0.012599279172718525, 0.012599644251167774, 0.01260255929082632, 0.012598409317433834, 0.01260023657232523, 0.012601899914443493, 0.01260154228657484, 0.012601819820702076, 0.012602416798472404, 0.012602145783603191, 0.012601944617927074, 0.012602499686181545, 0.012602655217051506, 0.012602599337697029, 0.012602565810084343, 0.01260303147137165], "val_loss": [0.012729070149362087, 0.012755915522575378, 0.012740583159029484, 0.012751812115311623, 0.01274701114743948, 0.012753510847687721, 0.012751343660056591, 0.01274921279400587, 0.012752019800245762, 0.012752816081047058, 0.012752111069858074, 0.012752962298691273, 0.012753033079206944, 0.012752738781273365, 0.012752159498631954, 0.012752937152981758, 0.012753310613334179, 0.012752982787787914, 0.012752979062497616, 0.01275364775210619]}